date,prediction
2020-10-09 04:59:59.999,-1.9792780412920218e+35
2020-10-09 05:59:59.999,-2.186627274193574e+35
2020-10-09 06:59:59.999,-2.254074481533654e+35
2020-10-09 07:59:59.999,-2.3048579535537168e+35
2020-10-09 08:59:59.999,-2.4137946377256695e+35
2020-10-09 09:59:59.999,-2.5333275042926683e+35
2020-10-09 10:59:59.999,-2.5447065993168743e+35
2020-10-09 11:59:59.999,-2.5639796228190155e+35
2020-10-09 12:59:59.999,-2.034716580342572e+35
2020-10-09 13:59:59.999,-2.0259919708620845e+35
2020-10-09 14:59:59.999,-2.0104611272775663e+35
2020-10-09 15:59:59.999,-1.8084586397489546e+35
2020-10-09 16:59:59.999,-1.891030925530917e+35
2020-10-09 17:59:59.999,-1.9113811407480176e+35
2020-10-09 18:59:59.999,-1.903685637976479e+35
2020-10-09 19:59:59.999,-1.886263690104657e+35
2020-10-09 20:59:59.999,-1.9456150644172634e+35
2020-10-09 21:59:59.999,-1.8397327434138584e+35
2020-10-09 22:59:59.999,-1.6239185987327326e+35
2020-10-09 23:59:59.999,-1.5803579837918329e+35
2020-10-10 00:59:59.999,-1.5114360873610283e+35
2020-10-10 01:59:59.999,-1.4294117447808557e+35
2020-10-10 02:59:59.999,-1.4553943964736152e+35
2020-10-10 03:59:59.999,-1.4734021286641325e+35
2020-10-10 04:59:59.999,-1.4940207406767732e+35
2020-10-10 05:59:59.999,-1.4660047246363305e+35
2020-10-10 06:59:59.999,-1.6563160812031061e+35
2020-10-10 07:59:59.999,-1.758558933301325e+35
2020-10-10 08:59:59.999,-1.5237345272752345e+35
2020-10-10 09:59:59.999,-1.482977346732911e+35
2020-10-10 10:59:59.999,-1.427401000923582e+35
2020-10-10 11:59:59.999,-1.431967946291055e+35
2020-10-10 12:59:59.999,-1.458289226575382e+35
2020-10-10 13:59:59.999,-1.6924162025073365e+35
2020-10-10 14:59:59.999,-1.7167576485331307e+35
2020-10-10 15:59:59.999,-1.9277689850251217e+35
2020-10-10 16:59:59.999,-1.896558606768887e+35
2020-10-10 17:59:59.999,-1.94444867646227e+35
2020-10-10 18:59:59.999,-2.0119891325895384e+35
2020-10-10 19:59:59.999,-2.159594929529529e+35
2020-10-10 20:59:59.999,-1.9555647165835914e+35
2020-10-10 21:59:59.999,-1.9143344555680478e+35
2020-10-10 22:59:59.999,-1.8634993809295254e+35
2020-10-10 23:59:59.999,-2.0160716776376023e+35
2020-10-11 00:59:59.999,-1.9239573582256146e+35
2020-10-11 01:59:59.999,-2.012686580008526e+35
2020-10-11 02:59:59.999,-2.083316128804718e+35
2020-10-11 03:59:59.999,-2.1769558843718973e+35
2020-10-11 04:59:59.999,-2.0948802431343338e+35
2020-10-11 05:59:59.999,-2.156042269824597e+35
2020-10-11 06:59:59.999,-2.0631222296229137e+35
2020-10-11 07:59:59.999,-2.1104833699139018e+35
2020-10-11 08:59:59.999,-2.2645555628881137e+35
2020-10-11 09:59:59.999,-2.2160369421797014e+35
2020-10-11 10:59:59.999,-2.276365294059972e+35
2020-10-11 11:59:59.999,-2.1105672956607224e+35
2020-10-11 12:59:59.999,-2.1418681051490223e+35
2020-10-11 13:59:59.999,-2.0871723285196973e+35
2020-10-11 14:59:59.999,-2.033956119829214e+35
2020-10-11 15:59:59.999,-2.188170482928957e+35
2020-10-11 16:59:59.999,-2.1095482326053855e+35
2020-10-11 17:59:59.999,-1.5643924126290857e+35
2020-10-11 18:59:59.999,-1.5979190694155473e+35
2020-10-11 19:59:59.999,-1.5723248798464946e+35
2020-10-11 20:59:59.999,-1.5982793008600373e+35
2020-10-11 21:59:59.999,-1.54876992773426e+35
2020-10-11 22:59:59.999,-1.596518841898891e+35
2020-10-11 23:59:59.999,-1.5503385578098515e+35
2020-10-12 00:59:59.999,-1.6353619322085554e+35
2020-10-12 01:59:59.999,-1.723831757215235e+35
2020-10-12 02:59:59.999,-1.664091367826358e+35
2020-10-12 03:59:59.999,-1.5084998200124416e+35
2020-10-12 04:59:59.999,-1.4592784689535872e+35
2020-10-12 05:59:59.999,-1.4232201471089113e+35
2020-10-12 06:59:59.999,-1.4333267592205531e+35
2020-10-12 07:59:59.999,-1.3898797659324025e+35
2020-10-12 08:59:59.999,-1.677835654800575e+35
2020-10-12 09:59:59.999,-1.6507177175263313e+35
2020-10-12 10:59:59.999,-1.7386125473490115e+35
2020-10-12 11:59:59.999,-1.578476893883719e+35
2020-10-12 12:59:59.999,-1.5979436643403464e+35
2020-10-12 13:59:59.999,-1.6239578399418352e+35
2020-10-12 14:59:59.999,-1.397778609032695e+35
2020-10-12 15:59:59.999,-1.4015964360347054e+35
2020-10-12 16:59:59.999,-1.4081709070404338e+35
2020-10-12 17:59:59.999,-1.4273109350902667e+35
2020-10-12 18:59:59.999,-1.4767499611872146e+35
2020-10-12 19:59:59.999,-1.5842462570409857e+35
2020-10-12 20:59:59.999,-1.6671517273812523e+35
2020-10-12 21:59:59.999,-1.6211439617744203e+35
2020-10-12 22:59:59.999,-1.6285544392340361e+35
2020-10-12 23:59:59.999,-1.5718012932948054e+35
2020-10-13 00:59:59.999,-1.6780583570731508e+35
2020-10-13 01:59:59.999,-1.6257442555071623e+35
2020-10-13 02:59:59.999,-1.7581493719618937e+35
2020-10-13 03:59:59.999,-1.8473382058564733e+35
2020-10-13 04:59:59.999,-1.8009145173142206e+35
2020-10-13 05:59:59.999,-1.7176094557903322e+35
2020-10-13 06:59:59.999,-1.845579943846468e+35
2020-10-13 07:59:59.999,-1.8970591358899493e+35
2020-10-13 08:59:59.999,-2.149186794179496e+35
2020-10-13 09:59:59.999,-2.0909189940249143e+35
2020-10-13 10:59:59.999,-1.914481998987209e+35
2020-10-13 11:59:59.999,-1.852838189746948e+35
2020-10-13 12:59:59.999,-1.8339349501431728e+35
2020-10-13 13:59:59.999,-1.4564534193016265e+35
2020-10-13 14:59:59.999,-1.5488413531498783e+35
2020-10-13 15:59:59.999,-1.5559654703322862e+35
2020-10-13 16:59:59.999,-1.4441882835504655e+35
2020-10-13 17:59:59.999,-1.3063675226911927e+35
2020-10-13 18:59:59.999,-1.5103109391260638e+35
2020-10-13 19:59:59.999,-9.192637979368657e+35
2020-10-13 20:59:59.999,-5.592271438665766e+35
2020-10-13 21:59:59.999,-7.599987968940859e+34
2020-10-13 22:59:59.999,-7.2387561629953715e+34
2020-10-13 23:59:59.999,-7.189509799777488e+34
2020-10-14 00:59:59.999,-5.8449112142725625e+34
2020-10-14 01:59:59.999,-4.559597719356592e+34
2020-10-14 02:59:59.999,-4.700559693813712e+34
2020-10-14 03:59:59.999,-3.757575269169131e+34
2020-10-14 04:59:59.999,-4.99162215962212e+34
2020-10-14 05:59:59.999,-4.161052080766633e+34
2020-10-14 06:59:59.999,-5.946830832095979e+34
2020-10-14 07:59:59.999,-8.649808489594857e+34
2020-10-14 08:59:59.999,-1.1285880972727023e+35
2020-10-14 09:59:59.999,-1.3896351948760681e+35
2020-10-14 10:59:59.999,-1.4929538135234323e+35
2020-10-14 11:59:59.999,-1.5453113429647817e+35
2020-10-14 12:59:59.999,-1.472971204250173e+35
2020-10-14 13:59:59.999,-1.6815058890563232e+35
2020-10-14 14:59:59.999,-1.468194271554112e+35
2020-10-14 15:59:59.999,-1.487410635902066e+35
2020-10-14 16:59:59.999,-1.499515366868029e+35
2020-10-14 17:59:59.999,-1.618321107527309e+35
2020-10-14 18:59:59.999,-1.7594948297300883e+35
2020-10-14 19:59:59.999,-1.6241251910567351e+35
2020-10-14 20:59:59.999,-1.5559173765690719e+35
2020-10-14 21:59:59.999,-1.4807974133760262e+35
2020-10-14 22:59:59.999,-1.4472763047104674e+35
2020-10-14 23:59:59.999,-1.4559058104773611e+35
2020-10-15 00:59:59.999,-1.2962080701460528e+35
2020-10-15 01:59:59.999,-1.3565944012053614e+35
2020-10-15 02:59:59.999,-1.2722073087525098e+35
2020-10-15 03:59:59.999,-1.2697913064491595e+35
2020-10-15 04:59:59.999,-1.2810839019365795e+35
2020-10-15 05:59:59.999,-1.282405201534438e+35
2020-10-15 06:59:59.999,-1.3400114510863704e+35
2020-10-15 07:59:59.999,-1.4385443687816758e+35
2020-10-15 08:59:59.999,-1.4638049503765453e+35
2020-10-15 09:59:59.999,-1.3911388565382368e+35
2020-10-15 10:59:59.999,-1.6143629460099938e+35
2020-10-15 11:59:59.999,-1.4757786558980556e+35
2020-10-15 12:59:59.999,-1.5991297290534565e+35
2020-10-15 13:59:59.999,-1.6275244191114563e+35
2020-10-15 14:59:59.999,-1.5615867184989062e+35
2020-10-15 15:59:59.999,-1.5092260214019317e+35
2020-10-15 16:59:59.999,-1.3594947233163293e+35
2020-10-15 17:59:59.999,-1.2422456976555087e+35
2020-10-15 18:59:59.999,-1.3769513717284728e+35
2020-10-15 19:59:59.999,-1.3301155051729424e+35
2020-10-15 20:59:59.999,-9.584842421107111e+34
2020-10-15 21:59:59.999,-1.2191254688990698e+35
2020-10-15 22:59:59.999,-1.1922810080825139e+35
2020-10-15 23:59:59.999,-1.3592204001641152e+35
2020-10-16 00:59:59.999,-1.27275595571219e+35
2020-10-16 01:59:59.999,-1.1389276000045017e+35
2020-10-16 02:59:59.999,-1.0790313198788027e+35
2020-10-16 03:59:59.999,-7.732173477901451e+34
2020-10-16 04:59:59.999,-6.680727772472927e+34
2020-10-16 05:59:59.999,-8.00259982455244e+34
2020-10-16 06:59:59.999,-6.458547094866889e+34
2020-10-16 07:59:59.999,-6.936427086051783e+34
2020-10-16 08:59:59.999,-7.418976520564497e+34
2020-10-16 09:59:59.999,-9.988031696387414e+34
2020-10-16 10:59:59.999,-9.086211788702209e+34
2020-10-16 11:59:59.999,-9.755142401807735e+34
2020-10-16 12:59:59.999,-7.817045454024261e+34
2020-10-16 13:59:59.999,-7.117580368657132e+34
2020-10-16 14:59:59.999,-5.207980582445524e+34
2020-10-16 15:59:59.999,-5.324472792479446e+34
2020-10-16 16:59:59.999,-5.640890100555344e+34
2020-10-16 17:59:59.999,-8.516416053649531e+34
2020-10-16 18:59:59.999,-7.432849747005206e+34
2020-10-16 19:59:59.999,-5.987209586053623e+34
2020-10-16 20:59:59.999,-5.512898957477114e+34
2020-10-16 21:59:59.999,-7.120706844110518e+34
2020-10-16 22:59:59.999,-7.356398867364796e+34
2020-10-16 23:59:59.999,-7.927378207006705e+34
2020-10-17 00:59:59.999,-5.91738520362586e+34
2020-10-17 01:59:59.999,-5.005169455893176e+34
2020-10-17 02:59:59.999,-3.5572357277479004e+34
2020-10-17 03:59:59.999,-5.301896056749875e+34
2020-10-17 04:59:59.999,-3.1800529886138082e+34
2020-10-17 05:59:59.999,-2.619786344983801e+34
2020-10-17 06:59:59.999,-3.6275878086242886e+34
2020-10-17 07:59:59.999,-2.1949545428175916e+34
2020-10-17 08:59:59.999,-3.5023963083924048e+34
2020-10-17 09:59:59.999,-2.7274177587302478e+34
2020-10-17 10:59:59.999,-5.119575733978728e+34
2020-10-17 11:59:59.999,-3.8931962832186726e+34
2020-10-17 12:59:59.999,-8.554376812601859e+33
2020-10-17 13:59:59.999,9.540887642088082e+32
2020-10-17 14:59:59.999,-1.4068517696729418e+33
2020-10-17 15:59:59.999,-2.837339776919284e+34
2020-10-17 16:59:59.999,-2.1522603840122874e+34
2020-10-17 17:59:59.999,-2.24189581614856e+34
2020-10-17 18:59:59.999,-2.590327715756113e+34
2020-10-17 19:59:59.999,-3.47818542467569e+32
2020-10-17 20:59:59.999,3.4609035912777677e+34
2020-10-17 21:59:59.999,5.0762262806656964e+33
2020-10-17 22:59:59.999,1.7282101327467202e+34
2020-10-17 23:59:59.999,1.4297920584949848e+34
2020-10-18 00:59:59.999,2.812037039813397e+34
2020-10-18 01:59:59.999,9.108673018283032e+33
2020-10-18 02:59:59.999,1.8339888586100253e+33
2020-10-18 03:59:59.999,-8.311707449186543e+32
2020-10-18 04:59:59.999,-6.574530214971785e+31
2020-10-18 05:59:59.999,-1.4924386367800547e+33
2020-10-18 06:59:59.999,-1.8987187462413492e+34
2020-10-18 07:59:59.999,-2.6679034162081434e+34
2020-10-18 08:59:59.999,-2.8995830458977826e+34
2020-10-18 09:59:59.999,-2.5345196658342864e+34
2020-10-18 10:59:59.999,-2.941278510031832e+34
2020-10-18 11:59:59.999,-4.357148115140999e+34
2020-10-18 12:59:59.999,-3.945173804361049e+34
2020-10-18 13:59:59.999,-3.7884289170834358e+34
2020-10-18 14:59:59.999,-5.196905986349814e+34
2020-10-18 15:59:59.999,-3.8889059651053336e+34
2020-10-18 16:59:59.999,-6.770088580238384e+33
2020-10-18 17:59:59.999,-1.5608003693000243e+34
2020-10-18 18:59:59.999,-4.161815242200548e+34
2020-10-18 19:59:59.999,-2.992446417105449e+34
2020-10-18 20:59:59.999,-8.880817972920722e+33
2020-10-18 21:59:59.999,-1.2845926599569776e+34
2020-10-18 22:59:59.999,1.1515962694980608e+33
2020-10-18 23:59:59.999,-1.2766040156139985e+34
2020-10-19 00:59:59.999,-3.6417016047911936e+34
2020-10-19 01:59:59.999,-7.513677385736767e+34
2020-10-19 02:59:59.999,-6.840130781950743e+34
2020-10-19 03:59:59.999,-4.692968768352734e+34
2020-10-19 04:59:59.999,-5.776429797319386e+34
2020-10-19 05:59:59.999,-7.431325878031768e+34
2020-10-19 06:59:59.999,-7.211710208253398e+34
2020-10-19 07:59:59.999,-8.653347006350216e+34
2020-10-19 08:59:59.999,-9.529495960252708e+34
2020-10-19 09:59:59.999,-1.2164989433465141e+35
2020-10-19 10:59:59.999,-1.315008325819247e+35
2020-10-19 11:59:59.999,-1.203250312514813e+35
2020-10-19 12:59:59.999,-1.2089177174552713e+35
2020-10-19 13:59:59.999,-1.2411829513372244e+35
2020-10-19 14:59:59.999,-1.305073683010254e+35
2020-10-19 15:59:59.999,-1.0179679559949519e+35
2020-10-19 16:59:59.999,-1.0509841279855368e+35
2020-10-19 17:59:59.999,-1.347731441339898e+35
2020-10-19 18:59:59.999,-1.3820909648534531e+35
2020-10-19 19:59:59.999,-1.2994331316425803e+35
2020-10-19 20:59:59.999,-1.4249115183364225e+35
2020-10-19 21:59:59.999,-1.7307795775620546e+35
2020-10-19 22:59:59.999,-1.7924711425406384e+35
2020-10-19 23:59:59.999,-1.774260914393717e+35
2020-10-20 00:59:59.999,-1.7388805038933888e+35
2020-10-20 01:59:59.999,-1.627046504294173e+35
2020-10-20 02:59:59.999,-1.4493819971501317e+35
2020-10-20 03:59:59.999,-1.3784985482133168e+35
2020-10-20 04:59:59.999,-1.2050378988917399e+35
2020-10-20 05:59:59.999,-1.2718515616694279e+35
2020-10-20 06:59:59.999,-1.6119077467596916e+35
2020-10-20 07:59:59.999,-2.2415205817077627e+35
2020-10-20 08:59:59.999,-2.106145014920189e+35
2020-10-20 09:59:59.999,-1.928304595308772e+35
2020-10-20 10:59:59.999,-1.9683599979977702e+35
2020-10-20 11:59:59.999,-1.8540166060268526e+35
2020-10-20 12:59:59.999,-1.786280029445783e+35
2020-10-20 13:59:59.999,-1.555434002385261e+35
2020-10-20 14:59:59.999,-1.5637362547755788e+35
2020-10-20 15:59:59.999,-1.2748363156357467e+35
2020-10-20 16:59:59.999,-1.083070549072886e+35
2020-10-20 17:59:59.999,-8.322491028976926e+34
2020-10-20 18:59:59.999,-9.0902496553173e+34
2020-10-20 19:59:59.999,-1.4031515041960677e+35
2020-10-20 20:59:59.999,-1.786691934592532e+35
2020-10-20 21:59:59.999,-1.972205406714395e+35
2020-10-20 22:59:59.999,-2.2503954098018382e+35
2020-10-20 23:59:59.999,-2.3580843115542923e+35
2020-10-21 00:59:59.999,-2.224965718463736e+35
2020-10-21 01:59:59.999,-2.333693008059061e+35
2020-10-21 02:59:59.999,-2.4749606307153678e+35
2020-10-21 03:59:59.999,-2.484407046657058e+35
2020-10-21 04:59:59.999,-1.9515190385409035e+35
2020-10-21 05:59:59.999,-1.7136217445715313e+35
2020-10-21 06:59:59.999,-4.339378417352276e+34
2020-10-21 07:59:59.999,-1.163434924912287e+35
2020-10-21 08:59:59.999,-1.3024557046438302e+35
2020-10-21 09:59:59.999,-1.0153339531938422e+35
2020-10-21 10:59:59.999,-2.8683032222053454e+34
2020-10-21 11:59:59.999,-2.323094700551992e+34
2020-10-21 12:59:59.999,-1.6902499989053777e+34
2020-10-21 13:59:59.999,-8.482220878488412e+33
2020-10-21 14:59:59.999,1.3450394887512634e+34
2020-10-21 15:59:59.999,1.0549519117214757e+34
2020-10-21 16:59:59.999,5.419924724226236e+34
2020-10-21 17:59:59.999,4.649069172621381e+34
2020-10-21 18:59:59.999,4.0541351615049185e+34
2020-10-21 19:59:59.999,5.741580475004727e+34
2020-10-21 20:59:59.999,-8.321637514121165e+33
2020-10-21 21:59:59.999,1.7811822107123358e+34
2020-10-21 22:59:59.999,2.7116829660504553e+34
2020-10-21 23:59:59.999,5.0265810757816233e+33
2020-10-22 00:59:59.999,7.173188854265259e+32
2020-10-22 01:59:59.999,1.3675986410984545e+34
2020-10-22 02:59:59.999,3.2064021833892263e+34
2020-10-22 03:59:59.999,2.9271276360580936e+34
2020-10-22 04:59:59.999,1.7364774361588242e+34
2020-10-22 05:59:59.999,2.3113409172175037e+34
2020-10-22 06:59:59.999,1.1746150694446305e+34
2020-10-22 07:59:59.999,-9.005770382728489e+33
2020-10-22 08:59:59.999,-9.128349275895e+33
2020-10-22 09:59:59.999,-1.0189870748440571e+34
2020-10-22 10:59:59.999,-1.7597971961238044e+34
2020-10-22 11:59:59.999,-3.3783589009272412e+34
2020-10-22 12:59:59.999,-3.160480464281738e+34
2020-10-22 13:59:59.999,-1.5750879782911852e+34
2020-10-22 14:59:59.999,-4.858815819860194e+33
2020-10-22 15:59:59.999,-3.680230744902909e+34
2020-10-22 16:59:59.999,-2.8636569662676546e+34
2020-10-22 17:59:59.999,-2.685771739731639e+34
2020-10-22 18:59:59.999,-8.566112875656104e+32
2020-10-22 19:59:59.999,1.968845788617384e+34
2020-10-22 20:59:59.999,1.788757931374207e+34
2020-10-22 21:59:59.999,1.273580437321676e+33
2020-10-22 22:59:59.999,2.2600765838404415e+34
2020-10-22 23:59:59.999,1.8947873951247317e+34
2020-10-23 00:59:59.999,1.3547438160561754e+34
2020-10-23 01:59:59.999,5.82549730802924e+33
2020-10-23 02:59:59.999,3.0122432313792695e+33
2020-10-23 03:59:59.999,-2.5960305464408677e+33
2020-10-23 04:59:59.999,-1.9374752655689784e+34
2020-10-23 05:59:59.999,2.596775101282618e+33
2020-10-23 06:59:59.999,-7.607602899266425e+33
2020-10-23 07:59:59.999,-1.940136360693916e+34
2020-10-23 08:59:59.999,-9.193673900708429e+33
2020-10-23 09:59:59.999,-4.4139737710480404e+33
2020-10-23 10:59:59.999,-7.778588860100034e+33
2020-10-23 11:59:59.999,-2.18932910947377e+34
2020-10-23 12:59:59.999,-2.135932802674831e+34
2020-10-23 13:59:59.999,-3.238712255676159e+34
2020-10-23 14:59:59.999,-2.21292705132502e+34
2020-10-23 15:59:59.999,-2.3965122945884254e+34
2020-10-23 16:59:59.999,-3.099069808754329e+33
2020-10-23 17:59:59.999,6.374191329205806e+33
2020-10-23 18:59:59.999,7.21081869147681e+33
2020-10-23 19:59:59.999,-2.7083468391522514e+33
2020-10-23 20:59:59.999,-1.9180263010494741e+34
2020-10-23 21:59:59.999,-1.4405823577127743e+33
2020-10-23 22:59:59.999,5.981319807252962e+33
2020-10-23 23:59:59.999,2.4694214284909337e+34
2020-10-24 00:59:59.999,1.2932705891232834e+34
2020-10-24 01:59:59.999,-1.1037339051730181e+34
2020-10-24 02:59:59.999,-2.6320367864319594e+34
2020-10-24 03:59:59.999,-2.8834740280695735e+34
2020-10-24 04:59:59.999,-2.228550898954204e+34
2020-10-24 05:59:59.999,-1.663665892820258e+33
2020-10-24 06:59:59.999,-2.213021703069394e+34
2020-10-24 07:59:59.999,-2.055566744972045e+34
2020-10-24 08:59:59.999,-1.6395252163413995e+34
2020-10-24 09:59:59.999,-8.260419967738719e+33
2020-10-24 10:59:59.999,-3.596829494666782e+34
2020-10-24 11:59:59.999,-3.4041808056679e+34
2020-10-24 12:59:59.998,-5.369425621807782e+34
2020-10-24 13:59:59.999,-4.361962823112418e+34
2020-10-24 14:59:59.999,-5.762545453316803e+34
2020-10-24 15:59:59.998,-3.6632718610876287e+34
2020-10-24 16:59:59.999,-5.430083855169482e+34
2020-10-24 17:59:59.999,-6.86606987284186e+34
2020-10-24 18:59:59.998,-5.620053011616582e+34
2020-10-24 19:59:59.999,-4.2793137825510925e+34
2020-10-24 20:59:59.999,-4.0837881120651276e+34
2020-10-24 21:59:59.998,-3.632710802667751e+34
2020-10-24 22:59:59.999,-5.756982505570232e+34
2020-10-24 23:59:59.999,-5.513204387297806e+34
2020-10-25 00:59:59.998,-5.499096185461813e+34
2020-10-25 01:59:59.999,-4.530165782984327e+34
2020-10-25 02:59:59.998,-5.595636271864674e+34
2020-10-25 03:59:59.998,-3.9043322394713496e+34
2020-10-25 04:59:59.999,-5.471876938909083e+34
2020-10-25 05:59:59.998,-4.978996515845138e+34
2020-10-25 06:59:59.998,-7.726211100249943e+34
2020-10-25 07:59:59.999,-5.681305031725339e+34
2020-10-25 08:59:59.998,-5.9718730953505055e+34
2020-10-25 09:59:59.998,-7.879347618808598e+34
2020-10-25 10:59:59.999,-7.989727980793419e+34
2020-10-25 11:59:59.998,-6.377980359247203e+34
2020-10-25 12:59:59.998,-8.417684148780319e+34
2020-10-25 13:59:59.999,-8.31642005058173e+34
2020-10-25 14:59:59.998,-7.898722667600027e+34
2020-10-25 15:59:59.998,-1.0825655117657226e+35
2020-10-25 16:59:59.998,-8.732224991090213e+34
2020-10-25 17:59:59.998,-1.015957812753583e+35
2020-10-25 18:59:59.998,-8.448264658137558e+34
2020-10-25 19:59:59.998,-8.497688260866711e+34
2020-10-25 20:59:59.998,-9.110516178736543e+34
2020-10-25 21:59:59.998,-6.069317454721594e+34
2020-10-25 22:59:59.998,-8.804831309196912e+34
2020-10-25 23:59:59.998,-7.319907641922865e+34
2020-10-26 00:59:59.998,-8.669582223130126e+34
2020-10-26 01:59:59.998,-9.652798777927926e+34
2020-10-26 02:59:59.998,-7.798259369049195e+34
2020-10-26 03:59:59.998,-8.402729553197631e+34
2020-10-26 04:59:59.998,-9.715440950797585e+34
2020-10-26 05:59:59.998,-1.1592711693897037e+35
2020-10-26 06:59:59.998,-6.549004987026539e+34
2020-10-26 07:59:59.998,-7.971168709973131e+34
2020-10-26 08:59:59.998,-8.970867264865797e+34
2020-10-26 09:59:59.998,-8.84896108193216e+34
2020-10-26 10:59:59.998,-9.38419468481643e+34
2020-10-26 11:59:59.998,-7.965559092348926e+34
2020-10-26 12:59:59.998,-8.085195084570343e+34
2020-10-26 13:59:59.998,-8.901592407067634e+34
2020-10-26 14:59:59.998,-8.397808055849609e+34
2020-10-26 15:59:59.998,-1.1318595081744887e+35
2020-10-26 16:59:59.998,-1.8673982165587474e+35
2020-10-26 17:59:59.998,-1.6234365219863396e+35
2020-10-26 18:59:59.998,-1.501294770609791e+35
2020-10-26 19:59:59.998,-1.5685025842639498e+35
2020-10-26 20:59:59.998,-1.4109982225758719e+35
2020-10-26 21:59:59.998,-1.1536797786749833e+35
2020-10-26 22:59:59.998,-1.0532021684392288e+35
2020-10-26 23:59:59.998,-1.0847531293751752e+35
2020-10-27 00:59:59.998,-1.0364402279153291e+35
2020-10-27 01:59:59.998,-1.063694273684306e+35
2020-10-27 02:59:59.998,-1.0092461252815805e+35
2020-10-27 03:59:59.998,-1.0646054014774593e+35
2020-10-27 04:59:59.998,-1.0770703062205686e+35
2020-10-27 05:59:59.998,-1.3024384679885297e+35
2020-10-27 06:59:59.998,-1.2363148929038822e+35
2020-10-27 07:59:59.998,-1.2940381959737224e+35
2020-10-27 08:59:59.998,-1.1781957552016267e+35
2020-10-27 09:59:59.998,-1.1842591194376085e+35
2020-10-27 10:59:59.998,-1.1054150200818724e+35
2020-10-27 11:59:59.998,-1.0520219193149643e+35
2020-10-27 12:59:59.998,-9.370533605679296e+34
2020-10-27 13:59:59.998,-8.6791607107402e+34
2020-10-27 14:59:59.998,-8.468779580990946e+34
2020-10-27 15:59:59.998,-9.30060330891716e+34
2020-10-27 16:59:59.998,-7.409455299178313e+34
2020-10-27 17:59:59.998,-8.94599454128746e+34
2020-10-27 18:59:59.998,-1.0580718932990832e+35
2020-10-27 19:59:59.998,-8.724044672383532e+34
2020-10-27 20:59:59.998,-8.926102873689386e+34
2020-10-27 21:59:59.998,-8.948352112319937e+34
2020-10-27 22:59:59.998,-9.853513754609888e+34
2020-10-27 23:59:59.998,-9.270634626750917e+34
2020-10-28 00:59:59.998,-1.1014668741599925e+35
2020-10-28 01:59:59.998,-1.215438833082432e+35
2020-10-28 02:59:59.998,-1.1816549427387324e+35
2020-10-28 03:59:59.998,-1.232377143773613e+35
2020-10-28 04:59:59.998,-9.629880794248394e+34
2020-10-28 05:59:59.998,-1.0178823997520986e+35
2020-10-28 06:59:59.998,-9.904361767574216e+34
2020-10-28 07:59:59.998,-1.072601732902483e+35
2020-10-28 08:59:59.998,-1.3441310913647223e+35
2020-10-28 09:59:59.998,-1.4400197388159713e+35
2020-10-28 10:59:59.998,-1.3791451838776974e+35
2020-10-28 11:59:59.998,-1.3486210664626074e+35
2020-10-28 12:59:59.998,-1.439041285983686e+35
2020-10-28 13:59:59.998,-1.5522640294402134e+35
2020-10-28 14:59:59.998,-1.2225895148067895e+35
2020-10-28 15:59:59.998,-1.5050971390264862e+35
2020-10-28 16:59:59.998,-1.5173284266066251e+35
2020-10-28 17:59:59.998,-1.595218649847106e+35
2020-10-28 18:59:59.998,-1.6277558411963415e+35
2020-10-28 19:59:59.998,-1.5193971572006594e+35
2020-10-28 20:59:59.998,-1.4720426373765353e+35
2020-10-28 21:59:59.998,-1.5254145150181113e+35
2020-10-28 22:59:59.998,-1.6449627962478836e+35
2020-10-28 23:59:59.998,-1.540257023413414e+35
2020-10-29 00:59:59.998,-1.2366366827483782e+35
2020-10-29 01:59:59.998,-1.267917456662271e+35
2020-10-29 02:59:59.998,-1.1973075872230083e+35
2020-10-29 03:59:59.998,-1.2143215301984441e+35
2020-10-29 04:59:59.998,-1.3813365351781595e+35
2020-10-29 05:59:59.998,-1.17259365108355e+35
2020-10-29 06:59:59.998,-1.2471213679173174e+35
2020-10-29 07:59:59.998,-1.4459361450968895e+35
2020-10-29 08:59:59.998,-1.5144978341203092e+35
2020-10-29 09:59:59.998,-1.6672464808007505e+35
2020-10-29 10:59:59.998,-1.7194411185860584e+35
2020-10-29 11:59:59.998,-1.5336246618986814e+35
2020-10-29 12:59:59.998,-1.609933847420475e+35
2020-10-29 13:59:59.998,-1.5928865493195844e+35
2020-10-29 14:59:59.998,-1.6913464776943205e+35
2020-10-29 15:59:59.998,-1.6209466181534173e+35
2020-10-29 16:59:59.998,-1.5882797795850082e+35
2020-10-29 17:59:59.998,-1.7428364551233166e+35
2020-10-29 18:59:59.998,-1.7296441297572937e+35
2020-10-29 19:59:59.998,-1.7243630384094775e+35
2020-10-29 20:59:59.998,-1.6340212022535976e+35
2020-10-29 21:59:59.998,-1.7752281815972134e+35
2020-10-29 22:59:59.998,-1.736369571822288e+35
2020-10-29 23:59:59.998,-1.6832142189848467e+35
2020-10-30 00:59:59.998,-1.6708045585487406e+35
2020-10-30 01:59:59.998,-1.7701650064935035e+35
2020-10-30 02:59:59.998,-1.6046519201293317e+35
2020-10-30 03:59:59.998,-1.7816078748248933e+35
2020-10-30 04:59:59.998,-1.7350478846070633e+35
2020-10-30 05:59:59.998,-1.722356057353604e+35
2020-10-30 06:59:59.998,-2.045058730732939e+35
2020-10-30 07:59:59.998,-2.2287113151599733e+35
2020-10-30 08:59:59.998,-2.213826892629577e+35
2020-10-30 09:59:59.998,-2.1573350723847687e+35
2020-10-30 10:59:59.998,-2.08009982573692e+35
2020-10-30 11:59:59.998,-2.0629079467440147e+35
2020-10-30 12:59:59.998,-2.2743380148067547e+35
2020-10-30 13:59:59.998,-2.3018329005019248e+35
2020-10-30 14:59:59.998,-2.3682074954359763e+35
2020-10-30 15:59:59.998,-2.222264208215454e+35
2020-10-30 16:59:59.998,-1.994160619450384e+35
2020-10-30 17:59:59.998,-1.9834444545650352e+35
2020-10-30 18:59:59.998,-2.17093790976427e+35
2020-10-30 19:59:59.998,-1.9630309932848935e+35
2020-10-30 20:59:59.998,-1.873232368522681e+35
2020-10-30 21:59:59.998,-1.7258236323604334e+35
2020-10-30 22:59:59.998,-1.796177327316043e+35
2020-10-30 23:59:59.998,-1.7776204156311886e+35
2020-10-31 00:59:59.998,-1.8107412828459763e+35
2020-10-31 01:59:59.998,-1.882875441001003e+35
2020-10-31 02:59:59.998,-1.854479572445256e+35
2020-10-31 03:59:59.998,-1.941540454310552e+35
2020-10-31 04:59:59.998,-1.9004873609716924e+35
2020-10-31 05:59:59.998,-1.9322334207598803e+35
2020-10-31 06:59:59.998,-1.8819099343395313e+35
2020-10-31 07:59:59.998,-2.040381562444076e+35
2020-10-31 08:59:59.998,-2.0430793976206503e+35
2020-10-31 09:59:59.998,-2.2302041517251375e+35
2020-10-31 10:59:59.998,-2.1584514585469897e+35
2020-10-31 11:59:59.998,-2.1338243418386035e+35
2020-10-31 12:59:59.998,-2.0616181227407555e+35
2020-10-31 13:59:59.998,-2.1689883893582306e+35
2020-10-31 14:59:59.998,-1.9889458189749854e+35
2020-10-31 15:59:59.998,-1.910444591839039e+35
2020-10-31 16:59:59.998,-1.9781073562839423e+35
2020-10-31 17:59:59.998,-2.0750135155859095e+35
2020-10-31 18:59:59.998,-1.9913286528515926e+35
2020-10-31 19:59:59.998,-2.021228681445494e+35
2020-10-31 20:59:59.998,-1.967036934102496e+35
2020-10-31 21:59:59.998,-1.9873785654020244e+35
2020-10-31 22:59:59.998,-1.8692293678353864e+35
2020-10-31 23:59:59.998,-1.9410895885484136e+35
2020-11-01 00:59:59.998,-1.8736353059828426e+35
2020-11-01 01:59:59.998,-1.9149952364166964e+35
2020-11-01 02:59:59.998,-1.9773261473402466e+35
2020-11-01 03:59:59.998,-2.1473108540014774e+35
2020-11-01 04:59:59.998,-1.9900227932103526e+35
2020-11-01 05:59:59.998,-1.9081303896046228e+35
2020-11-01 06:59:59.998,-1.8215963814962294e+35
2020-11-01 07:59:59.998,-1.8595813874450008e+35
2020-11-01 08:59:59.998,-2.0088301796570303e+35
2020-11-01 09:59:59.998,-1.971845514407268e+35
2020-11-01 10:59:59.998,-2.1451069235174846e+35
2020-11-01 11:59:59.998,-2.2679639328030956e+35
2020-11-01 12:59:59.998,-2.211858558657133e+35
2020-11-01 13:59:59.998,-1.9499960700661805e+35
2020-11-01 14:59:59.998,-2.0504887324775337e+35
2020-11-01 15:59:59.998,-2.1219922997882828e+35
2020-11-01 16:59:59.998,-1.8399680940237328e+35
2020-11-01 17:59:59.998,-1.8936561354064337e+35
2020-11-01 18:59:59.998,-2.2255040010789965e+35
2020-11-01 19:59:59.998,-2.0594631714896184e+35
2020-11-01 20:59:59.998,-2.119656141009909e+35
2020-11-01 21:59:59.998,-2.1157324209568775e+35
2020-11-01 22:59:59.998,-2.160839912816045e+35
2020-11-01 23:59:59.998,-2.189646820912755e+35
2020-11-02 00:59:59.998,-2.1393525941789392e+35
2020-11-02 01:59:59.998,-2.242575650050118e+35
2020-11-02 02:59:59.998,-2.166811696533711e+35
2020-11-02 03:59:59.998,-2.473229858863066e+35
2020-11-02 04:59:59.998,-2.4603430011151313e+35
2020-11-02 05:59:59.998,-2.536365037023786e+35
2020-11-02 06:59:59.998,-2.5293644563326552e+35
2020-11-02 07:59:59.998,-2.503307015964856e+35
2020-11-02 08:59:59.998,-2.4694691691891333e+35
2020-11-02 09:59:59.998,-2.5022535585181388e+35
2020-11-02 10:59:59.998,-2.5417182602344277e+35
2020-11-02 11:59:59.998,-2.506236893557274e+35
2020-11-02 12:59:59.998,-2.6601167513388253e+35
2020-11-02 13:59:59.998,-2.4246694931081892e+35
2020-11-02 14:59:59.998,-2.6441740759419664e+35
2020-11-02 15:59:59.998,-2.4891986755850194e+35
2020-11-02 16:59:59.998,-2.590013250792308e+35
2020-11-02 17:59:59.998,-2.6580745479678853e+35
2020-11-02 18:59:59.998,-2.3877112910493955e+35
2020-11-02 19:59:59.998,-2.4026828303879624e+35
2020-11-02 20:59:59.998,-2.5221510970098736e+35
2020-11-02 21:59:59.998,-2.587705604274382e+35
2020-11-02 22:59:59.998,-2.4661500492026282e+35
2020-11-02 23:59:59.998,-2.5188445336151688e+35
2020-11-03 00:59:59.998,-2.5398866197118847e+35
2020-11-03 01:59:59.998,-2.551403550976698e+35
2020-11-03 02:59:59.998,-2.3521323104501293e+35
2020-11-03 03:59:59.998,-2.538272115682103e+35
2020-11-03 04:59:59.998,-2.483205176033678e+35
2020-11-03 05:59:59.998,-2.295385821903174e+35
2020-11-03 06:59:59.998,-1.966466417752351e+35
2020-11-03 07:59:59.998,-2.1768239564736706e+35
2020-11-03 08:59:59.998,-2.102743714099673e+35
2020-11-03 09:59:59.998,-1.9764862579973514e+35
2020-11-03 10:59:59.998,-2.021774932256799e+35
2020-11-03 11:59:59.998,-1.9131657258960687e+35
2020-11-03 12:59:59.998,-1.9408629762674366e+35
2020-11-03 13:59:59.998,-2.008574949463139e+35
2020-11-03 14:59:59.998,-1.9853959981181855e+35
2020-11-03 15:59:59.998,-1.910839463562629e+35
2020-11-03 16:59:59.998,-1.9579056931523396e+35
2020-11-03 17:59:59.998,-1.9392324895274617e+35
2020-11-03 18:59:59.998,-1.8203709299242867e+35
2020-11-03 19:59:59.998,-1.849693440122232e+35
2020-11-03 20:59:59.998,-2.0043091989098784e+35
2020-11-03 21:59:59.998,-1.8949374620894608e+35
2020-11-03 22:59:59.998,-1.8073084660205795e+35
2020-11-03 23:59:59.998,-1.9862554100267774e+35
2020-11-04 00:59:59.998,-1.8816738820823574e+35
2020-11-04 01:59:59.998,-2.006717797213632e+35
2020-11-04 02:59:59.998,-2.141100141267678e+35
2020-11-04 03:59:59.998,-1.8317413163556052e+35
2020-11-04 04:59:59.998,-1.8004272174665843e+35
2020-11-04 05:59:59.998,-1.8769846429653487e+35
2020-11-04 06:59:59.998,-1.8517974260772495e+35
2020-11-04 07:59:59.998,-1.923779927211169e+35
2020-11-04 08:59:59.998,-1.9176397988034385e+35
2020-11-04 09:59:59.998,-2.0259830488562233e+35
2020-11-04 10:59:59.998,-2.075363142241118e+35
2020-11-04 11:59:59.998,-2.758373341697374e+35
2020-11-04 12:59:59.998,-2.9647153766138354e+35
2020-11-04 13:59:59.998,-2.9994840470217626e+35
2020-11-04 14:59:59.998,-2.861756692330569e+35
2020-11-04 15:59:59.998,-2.7507346542234174e+35
2020-11-04 16:59:59.998,-2.886035461074078e+35
2020-11-04 17:59:59.998,-2.638968000391217e+35
2020-11-04 18:59:59.998,-2.694203380638986e+35
2020-11-04 19:59:59.998,-2.5031271196633086e+35
2020-11-04 20:59:59.998,-2.4448620170607493e+35
2020-11-04 21:59:59.998,-2.5499993733577335e+35
2020-11-04 22:59:59.998,-2.5729093247693803e+35
2020-11-04 23:59:59.998,-2.4755946588902113e+35
2020-11-05 00:59:59.998,-2.5326446139934715e+35
2020-11-05 01:59:59.998,-2.4651534387920694e+35
2020-11-05 02:59:59.998,-2.5687961392431814e+35
2020-11-05 03:59:59.998,-2.7112140016717642e+35
2020-11-05 04:59:59.998,-3.1317919198859738e+35
2020-11-05 05:59:59.998,-3.1367802064730733e+35
2020-11-05 06:59:59.998,-3.0786707570454316e+35
2020-11-05 07:59:59.998,-3.0270458259020723e+35
2020-11-05 08:59:59.998,-3.0246506178380454e+35
2020-11-05 09:59:59.998,-3.0251651079146506e+35
2020-11-05 10:59:59.998,-2.998524636172522e+35
2020-11-05 11:59:59.998,-2.810831460412985e+35
2020-11-05 12:59:59.998,-2.7892846366489496e+35
2020-11-05 13:59:59.998,-2.7829098894143076e+35
2020-11-05 14:59:59.998,-2.7326577531334023e+35
2020-11-05 15:59:59.998,-2.8477151403969e+35
2020-11-05 16:59:59.998,-2.9761734242614273e+35
2020-11-05 17:59:59.998,-2.833819114657365e+35
2020-11-05 18:59:59.998,-2.6433264138152128e+35
2020-11-05 19:59:59.998,-2.541891973325066e+35
2020-11-05 20:59:59.998,-2.598064473294675e+35
2020-11-05 21:59:59.998,-2.2917648798382378e+35
2020-11-05 22:59:59.998,-2.409067441398774e+35
2020-11-05 23:59:59.998,-2.145994099163008e+35
2020-11-06 00:59:59.998,-2.2217615606112725e+35
2020-11-06 01:59:59.998,-2.148059010759056e+35
2020-11-06 02:59:59.998,-2.2559475350162876e+35
2020-11-06 03:59:59.998,-2.377812229394238e+35
2020-11-06 04:59:59.998,-2.6444383130199756e+35
2020-11-06 05:59:59.998,-2.6328993045794154e+35
2020-11-06 06:59:59.998,-2.564213558750389e+35
2020-11-06 07:59:59.998,-2.62149540750659e+35
2020-11-06 08:59:59.998,-2.7159807771593626e+35
2020-11-06 09:59:59.998,-2.88132107982796e+35
2020-11-06 10:59:59.998,-2.423548720119562e+35
2020-11-06 11:59:59.998,-2.174905201240042e+35
2020-11-06 12:59:59.998,-1.9103008069927767e+35
2020-11-06 13:59:59.998,-1.9220094368949173e+35
2020-11-06 14:59:59.998,-1.9256090198748042e+35
2020-11-06 15:59:59.998,-1.8547928533484608e+35
2020-11-06 16:59:59.998,-1.9176102218657276e+35
2020-11-06 17:59:59.998,-1.9226762424955623e+35
2020-11-06 18:59:59.998,-1.9168777523767766e+35
2020-11-06 19:59:59.998,-1.891231238630248e+35
2020-11-06 20:59:59.998,-1.977206336792866e+35
2020-11-06 21:59:59.998,-1.967473699863874e+35
2020-11-06 22:59:59.998,-1.7987196408614847e+35
2020-11-06 23:59:59.998,-2.1702432142514126e+35
2020-11-07 00:59:59.998,-2.1910128736143775e+35
2020-11-07 01:59:59.998,-2.1972338373391545e+35
2020-11-07 02:59:59.998,-2.1652177318971565e+35
2020-11-07 03:59:59.998,-2.2861078069856024e+35
2020-11-07 04:59:59.998,-2.2360275731979496e+35
2020-11-07 05:59:59.998,-2.1739306334223487e+35
2020-11-07 06:59:59.998,-2.1803629301200877e+35
2020-11-07 07:59:59.998,-2.2328429594442296e+35
2020-11-07 08:59:59.998,-2.2460873159439443e+35
2020-11-07 09:59:59.998,-2.275457147658945e+35
2020-11-07 10:59:59.998,-2.318765271323026e+35
2020-11-07 11:59:59.998,-2.2865059190987063e+35
2020-11-07 12:59:59.998,-2.2578088137190234e+35
2020-11-07 13:59:59.998,-2.3228918281180482e+35
2020-11-07 14:59:59.998,-2.286458383933291e+35
2020-11-07 15:59:59.998,-2.012224736285601e+35
2020-11-07 16:59:59.998,-2.2826217872088847e+35
2020-11-07 17:59:59.998,-1.9066232760679202e+35
2020-11-07 18:59:59.998,-2.078085468716912e+35
2020-11-07 19:59:59.998,-2.058309394259715e+35
2020-11-07 20:59:59.998,-2.186154188473734e+35
2020-11-07 21:59:59.998,-2.1321320378609996e+35
2020-11-07 22:59:59.998,-2.0026383116105263e+35
2020-11-07 23:59:59.998,-2.0668825070807678e+35
2020-11-08 00:59:59.998,-1.9342449792166595e+35
2020-11-08 01:59:59.998,-2.039246020633527e+35
2020-11-08 02:59:59.998,-1.853815755392752e+35
2020-11-08 03:59:59.998,-2.089258392687222e+35
2020-11-08 04:59:59.998,-1.950366955959059e+35
2020-11-08 05:59:59.998,-1.8496617994401703e+35
2020-11-08 06:59:59.998,-1.8895258183719658e+35
2020-11-08 07:59:59.998,-1.7812464519925792e+35
2020-11-08 08:59:59.998,-1.855990454953603e+35
2020-11-08 09:59:59.998,-1.6374810399317183e+35
2020-11-08 10:59:59.998,-1.91612762782651e+35
2020-11-08 11:59:59.998,-1.9318908233156597e+35
2020-11-08 12:59:59.998,-1.8638447800464645e+35
2020-11-08 13:59:59.998,-1.8351428613338963e+35
2020-11-08 14:59:59.998,-1.905409916729855e+35
2020-11-08 15:59:59.998,-1.9027299294689598e+35
2020-11-08 16:59:59.998,-1.9014254674939898e+35
2020-11-08 17:59:59.998,-1.734557194581832e+35
2020-11-08 18:59:59.998,-1.6006190768806329e+35
2020-11-08 19:59:59.998,-1.4050328021157596e+35
2020-11-08 20:59:59.998,-1.5880875656113868e+35
2020-11-08 21:59:59.998,-1.4932219273261553e+35
2020-11-08 22:59:59.998,-1.4067980566346385e+35
2020-11-08 23:59:59.998,-1.228560991821628e+35
2020-11-09 00:59:59.998,-1.155882348555491e+35
2020-11-09 01:59:59.998,-1.1459549161531532e+35
2020-11-09 02:59:59.998,-1.4088635092878218e+35
2020-11-09 03:59:59.998,-1.4157507484342685e+35
2020-11-09 04:59:59.998,-1.4574956992335014e+35
2020-11-09 05:59:59.998,-1.4045988082643615e+35
2020-11-09 06:59:59.998,-1.5601845251970872e+35
2020-11-09 07:59:59.998,-1.6169373376224671e+35
2020-11-09 08:59:59.998,-1.7210294747358176e+35
2020-11-09 09:59:59.998,-1.8002455522997938e+35
2020-11-09 10:59:59.998,-1.9431374569817524e+35
2020-11-09 11:59:59.998,-2.0939062807202456e+35
2020-11-09 12:59:59.998,-1.9870071072343346e+35
2020-11-09 13:59:59.998,-1.9515269187096993e+35
2020-11-09 14:59:59.998,-2.176811988840897e+35
2020-11-09 15:59:59.998,-2.1153253958604423e+35
2020-11-09 16:59:59.998,-2.089243857158681e+35
2020-11-09 17:59:59.998,-2.0647617293983376e+35
2020-11-09 18:59:59.998,-2.1333396489452623e+35
2020-11-09 19:59:59.998,-2.0093564360860688e+35
2020-11-09 20:59:59.998,-1.9050617736196773e+35
2020-11-09 21:59:59.998,-2.0123719831539128e+35
2020-11-09 22:59:59.998,-1.967883094662747e+35
2020-11-09 23:59:59.998,-1.8801229480014596e+35
2020-11-10 00:59:59.998,-2.056472835095278e+35
2020-11-10 01:59:59.998,-2.1407955490373564e+35
2020-11-10 02:59:59.998,-2.1661530044640478e+35
2020-11-10 03:59:59.998,-2.0468138908133812e+35
2020-11-10 04:59:59.998,-1.765852421504406e+35
2020-11-10 05:59:59.998,-1.6564075543280786e+35
2020-11-10 06:59:59.998,-1.691572763705864e+35
2020-11-10 07:59:59.998,-1.5454155315107009e+35
2020-11-10 08:59:59.998,-1.6614646985920005e+35
2020-11-10 09:59:59.998,-1.4948014628275274e+35
2020-11-10 10:59:59.998,-1.4504531848066463e+35
2020-11-10 11:59:59.998,-1.68366481202123e+35
2020-11-10 12:59:59.998,-1.687776129799846e+35
2020-11-10 13:59:59.998,-1.4188138201505108e+35
2020-11-10 14:59:59.998,-1.4046879996738396e+35
2020-11-10 15:59:59.998,-1.437907431034651e+35
2020-11-10 16:59:59.998,-1.3935849583927116e+35
2020-11-10 17:59:59.998,-1.2920147219621673e+35
2020-11-10 18:59:59.998,-1.437296880723525e+35
2020-11-10 19:59:59.998,-1.3175331601710304e+35
2020-11-10 20:59:59.998,-1.3430146229495025e+35
2020-11-10 21:59:59.998,-1.3479785146172698e+35
2020-11-10 22:59:59.998,-1.2675232664978596e+35
2020-11-10 23:59:59.998,-1.3686474171768108e+35
2020-11-11 00:59:59.998,-1.2267057292402208e+35
2020-11-11 01:59:59.998,-1.1836873660095395e+35
2020-11-11 02:59:59.998,-9.163834462430224e+34
2020-11-11 03:59:59.998,-1.0220776044872612e+35
2020-11-11 04:59:59.998,-1.1036072316048319e+35
2020-11-11 05:59:59.998,-1.3014728158680173e+35
2020-11-11 06:59:59.998,-1.3828273919225087e+35
2020-11-11 07:59:59.998,-1.3991105815573732e+35
2020-11-11 08:59:59.998,-1.371121963828124e+35
2020-11-11 09:59:59.998,-1.1830292067713102e+35
2020-11-11 10:59:59.998,-1.2272060320911945e+35
2020-11-11 11:59:59.998,-1.3180992959001947e+35
2020-11-11 12:59:59.998,-1.2174372955914846e+35
2020-11-11 13:59:59.998,-1.2917600746370082e+35
2020-11-11 14:59:59.998,-1.3912022975781328e+35
2020-11-11 15:59:59.998,-1.4450142890418788e+35
2020-11-11 16:59:59.998,-1.6885014559291204e+35
2020-11-11 17:59:59.998,-1.7538496308658882e+35
2020-11-11 18:59:59.998,-1.5962935757899415e+35
2020-11-11 19:59:59.998,-1.6048391114858828e+35
2020-11-11 20:59:59.998,-1.7173905933467155e+35
2020-11-11 21:59:59.998,-1.8784249775579224e+35
2020-11-11 22:59:59.998,-1.9188843713095933e+35
2020-11-11 23:59:59.998,-1.735497158960338e+35
2020-11-12 00:59:59.998,-1.8406168405476564e+35
2020-11-12 01:59:59.998,-1.9801974566564943e+35
2020-11-12 02:59:59.998,-1.5056488398676575e+35
2020-11-12 03:59:59.998,-1.4135457794626197e+35
2020-11-12 04:59:59.998,-1.810067234481328e+35
2020-11-12 05:59:59.998,-1.8130026995257987e+35
2020-11-12 06:59:59.998,-1.8327080719114952e+35
2020-11-12 07:59:59.998,-2.084886822911332e+35
2020-11-12 08:59:59.998,-2.0205744259305503e+35
2020-11-12 09:59:59.998,-1.9109451060780355e+35
2020-11-12 10:59:59.998,-1.9770744516846867e+35
2020-11-12 11:59:59.998,-2.1835994829919525e+35
2020-11-12 12:59:59.998,-2.2041061191700198e+35
2020-11-12 13:59:59.998,-2.000629835552429e+35
2020-11-12 14:59:59.998,-1.8293523794069785e+35
2020-11-12 15:59:59.998,-1.807437169579648e+35
2020-11-12 16:59:59.998,-1.6789151885129815e+35
2020-11-12 17:59:59.998,-1.5034328024534287e+35
2020-11-12 18:59:59.998,-1.4574171665306879e+35
2020-11-12 19:59:59.998,-1.4771917651335346e+35
2020-11-12 20:59:59.998,-1.7049613168366493e+35
2020-11-12 21:59:59.998,-1.6403396263255874e+35
2020-11-12 22:59:59.998,-1.4509833279961357e+35
2020-11-12 23:59:59.998,-1.232963153810683e+35
2020-11-13 00:59:59.998,-1.2061170345273524e+35
2020-11-13 01:59:59.998,-1.1103618417019788e+35
2020-11-13 02:59:59.998,-1.1759660713555354e+35
2020-11-13 03:59:59.998,-1.222947618181662e+35
2020-11-13 04:59:59.998,-1.4222356999746374e+35
2020-11-13 05:59:59.998,-1.3803775839414302e+35
2020-11-13 06:59:59.998,-1.2125356530083496e+35
2020-11-13 07:59:59.998,-1.4652788685050277e+35
2020-11-13 08:59:59.998,-1.6263945684429053e+35
2020-11-13 09:59:59.998,-1.6671971427380985e+35
2020-11-13 10:59:59.998,-1.5242063273135866e+35
2020-11-13 11:59:59.998,-1.5211569488339505e+35
2020-11-13 12:59:59.998,-1.5577333149016787e+35
2020-11-13 13:59:59.998,-1.5140383872100544e+35
2020-11-13 14:59:59.998,-1.2792516210952133e+35
2020-11-13 15:59:59.998,-1.2771188410982888e+35
2020-11-13 16:59:59.998,-1.2915561649308747e+35
2020-11-13 17:59:59.998,-1.392893899247542e+35
2020-11-13 18:59:59.998,-1.125226074363545e+35
2020-11-13 19:59:59.998,-9.749877565453664e+34
2020-11-13 20:59:59.998,-1.0280005119137817e+35
2020-11-13 21:59:59.998,-1.0204754024648025e+35
2020-11-13 22:59:59.998,-1.1802163556875086e+35
2020-11-13 23:59:59.998,-1.1743385657076044e+35
2020-11-14 00:59:59.998,-1.4933112724305521e+35
2020-11-14 01:59:59.998,-1.3697329653471159e+35
2020-11-14 02:59:59.998,-1.2522978604704974e+35
2020-11-14 03:59:59.998,-1.3772583047034683e+35
2020-11-14 04:59:59.998,-1.1746767027445974e+35
2020-11-14 05:59:59.998,-1.1289041253270627e+35
2020-11-14 06:59:59.998,-1.269548187675483e+35
2020-11-14 07:59:59.998,-1.2692787435341662e+35
2020-11-14 08:59:59.998,-1.257024100194698e+35
2020-11-14 09:59:59.998,-1.3127911908102634e+35
2020-11-14 10:59:59.998,-1.1596536852294598e+35
2020-11-14 11:59:59.998,-1.1208173051398387e+35
2020-11-14 12:59:59.998,-1.2478837401018862e+35
2020-11-14 13:59:59.998,-1.3415714413352305e+35
2020-11-14 14:59:59.998,-1.245910190587102e+35
2020-11-14 15:59:59.998,-1.2986757937177222e+35
2020-11-14 16:59:59.998,-1.374268354616604e+35
2020-11-14 17:59:59.998,-1.4454227955055785e+35
2020-11-14 18:59:59.998,-1.530778729218596e+35
2020-11-14 19:59:59.998,-1.7412198217932687e+35
2020-11-14 20:59:59.998,-1.6819851776964593e+35
2020-11-14 21:59:59.998,-1.6802764633307766e+35
2020-11-14 22:59:59.998,-1.479164533555066e+35
2020-11-14 23:59:59.998,-1.338066676846431e+35
2020-11-15 00:59:59.998,-1.4074771354215553e+35
2020-11-15 01:59:59.998,-1.548867680262433e+35
2020-11-15 02:59:59.998,-1.593242279491376e+35
2020-11-15 03:59:59.998,-1.5944337703222245e+35
2020-11-15 04:59:59.998,-1.7863106992950306e+35
2020-11-15 05:59:59.998,-1.5738675359542124e+35
2020-11-15 06:59:59.998,-1.5663005110894337e+35
2020-11-15 07:59:59.998,-1.4463631402172711e+35
2020-11-15 08:59:59.998,-1.5823056415515312e+35
2020-11-15 09:59:59.998,-1.5078116910084998e+35
2020-11-15 10:59:59.998,-1.5200855765347953e+35
2020-11-15 11:59:59.998,-1.4331029998451777e+35
2020-11-15 12:59:59.998,-1.2870831412968808e+35
2020-11-15 13:59:59.998,-1.3362778828204944e+35
2020-11-15 14:59:59.998,-1.1926457184689769e+35
2020-11-15 15:59:59.998,-8.701281108722517e+34
2020-11-15 16:59:59.998,-3.242291965945079e+34
2020-11-15 17:59:59.998,-2.9831576670960144e+34
2020-11-15 18:59:59.998,-3.3195927271485774e+34
2020-11-15 19:59:59.998,-1.046522716509006e+34
2020-11-15 20:59:59.998,-2.35144467241559e+34
2020-11-15 21:59:59.998,-3.363231622797465e+34
2020-11-15 22:59:59.998,-2.955288665150199e+34
2020-11-15 23:59:59.998,-3.2206856066515894e+34
2020-11-16 00:59:59.998,-2.7433736258856046e+34
2020-11-16 01:59:59.998,-1.2464232525347496e+34
2020-11-16 02:59:59.998,-2.068785398191255e+34
2020-11-16 03:59:59.998,-2.7976678436678947e+34
2020-11-16 04:59:59.998,-4.615255527626293e+34
2020-11-16 05:59:59.998,-5.665414324768979e+34
2020-11-16 06:59:59.998,-6.256380243083036e+34
2020-11-16 07:59:59.998,-5.82886331219241e+34
2020-11-16 08:59:59.998,-5.395489610907101e+34
2020-11-16 09:59:59.998,3.2094366672160146e+33
2020-11-16 10:59:59.998,-1.341656981138676e+34
2020-11-16 11:59:59.998,-1.903052834241704e+34
2020-11-16 12:59:59.998,-3.9807076231887172e+34
2020-11-16 13:59:59.998,-3.6536626748367467e+34
2020-11-16 14:59:59.998,-4.613372950427414e+34
2020-11-16 15:59:59.998,-2.563726573988678e+34
2020-11-16 16:59:59.998,-1.9700499053959652e+34
2020-11-16 17:59:59.998,9.577345550768142e+32
2020-11-16 18:59:59.998,-1.15392027038726e+34
2020-11-16 19:59:59.998,-8.012188739218544e+33
2020-11-16 20:59:59.998,-3.473255466277335e+33
2020-11-16 21:59:59.998,2.174103076987305e+34
2020-11-16 22:59:59.998,7.512904902273495e+33
2020-11-16 23:59:59.998,-2.1131880930041503e+32
2020-11-17 00:59:59.998,-2.5077197745821403e+34
2020-11-17 01:59:59.998,-1.3376130506019674e+34
2020-11-17 02:59:59.998,-2.094295131325535e+34
2020-11-17 03:59:59.998,-3.44926119125854e+34
2020-11-17 04:59:59.998,-6.188488359084178e+34
2020-11-17 05:59:59.998,-6.365571629482357e+34
2020-11-17 06:59:59.998,-5.321181914309907e+34
2020-11-17 07:59:59.998,-4.229888387786335e+34
2020-11-17 08:59:59.998,-2.589449877745431e+34
2020-11-17 09:59:59.998,-5.135753126895519e+34
2020-11-17 10:59:59.998,-3.253008547226155e+34
2020-11-17 11:59:59.998,-4.824210176797529e+34
2020-11-17 12:59:59.998,-6.745277446853167e+34
2020-11-17 13:59:59.998,-6.823414806104589e+34
2020-11-17 14:59:59.998,-6.62726033718885e+34
2020-11-17 15:59:59.998,-6.219998543168891e+34
2020-11-17 16:59:59.998,-6.449287383170402e+34
2020-11-17 18:00:00.000,-8.293910810993348e+34
2020-11-17 19:00:00.000,-1.193593220747916e+35
2020-11-17 20:00:00.000,-1.2420982902501359e+35
2020-11-17 21:00:00.000,-9.42497033261426e+34
2020-11-17 22:00:00.000,-5.695794627758627e+34
2020-11-17 23:00:00.000,-2.55705892945477e+34
2020-11-18 00:00:00.000,-4.555628139124914e+34
2020-11-18 01:00:00.000,-3.4066403711820317e+34
2020-11-18 02:00:00.000,-5.18743077397252e+34
2020-11-18 03:00:00.000,-4.934287991908783e+34
2020-11-18 04:00:00.000,-5.584669207362977e+34
2020-11-18 05:00:00.000,-6.5413291238903105e+34
2020-11-18 06:00:00.000,-4.764217106355201e+34
2020-11-18 07:00:00.000,-3.9637295162425627e+34
2020-11-18 08:00:00.000,-5.465073414582101e+34
2020-11-18 09:00:00.000,-4.925021422857552e+34
2020-11-18 10:00:00.000,-4.554708612322179e+34
2020-11-18 11:00:00.000,-3.8006010055794275e+34
2020-11-18 12:00:00.000,-4.521534625845637e+34
2020-11-18 13:00:00.000,-4.566980369318757e+34
2020-11-18 14:00:00.000,-2.00710619095504e+34
2020-11-18 15:00:00.000,-3.598673713313133e+34
2020-11-18 16:00:00.000,-2.8615553652782594e+34
2020-11-18 17:00:00.000,-2.18809146596014e+34
2020-11-18 18:00:00.000,-1.096587463239889e+34
2020-11-18 19:00:00.000,2.610414804200256e+33
2020-11-18 20:00:00.000,-8.904648855572255e+32
2020-11-18 21:00:00.000,1.1990988216807448e+34
2020-11-18 22:00:00.000,2.01566270658822e+33
2020-11-18 23:00:00.000,-1.0463876567985534e+34
2020-11-19 00:00:00.000,-2.273151689664011e+34
2020-11-19 01:00:00.000,-2.4959515368167594e+34
2020-11-19 02:00:00.000,8.309998011927114e+32
2020-11-19 03:00:00.000,-1.851525047253394e+34
2020-11-19 04:00:00.000,-1.7092393053786842e+34
2020-11-19 05:00:00.000,-3.4631616671058686e+34
2020-11-19 06:00:00.000,5.364201778979775e+33
2020-11-19 07:00:00.000,1.2005463827568217e+33
2020-11-19 08:00:00.000,-2.331678876446412e+34
2020-11-19 09:00:00.000,-7.481803534170407e+33
2020-11-19 10:00:00.000,4.944646727410681e+33
2020-11-19 11:00:00.000,4.400703309976559e+34
2020-11-19 12:00:00.000,5.768794739985236e+34
2020-11-19 13:00:00.000,4.323990355428769e+34
2020-11-19 14:00:00.000,4.135045027747494e+34
2020-11-19 15:00:00.000,3.482918122823495e+34
2020-11-19 16:00:00.000,2.3155628739921395e+34
2020-11-19 17:00:00.000,5.6500689720393905e+34
2020-11-19 18:00:00.000,-5.427743193469572e+33
2020-11-19 19:00:00.000,-7.257345113838476e+34
2020-11-19 20:00:00.000,-3.2772718853673925e+34
2020-11-19 21:00:00.000,-2.9828153505212697e+34
2020-11-19 22:00:00.000,-2.5387379377498973e+34
2020-11-19 23:00:00.000,-4.686166662924986e+34
2020-11-20 00:00:00.000,-4.7551334359807e+34
2020-11-20 01:00:00.000,-3.2220623230874495e+34
2020-11-20 02:00:00.000,-3.8024617271696666e+34
2020-11-20 03:00:00.000,-1.2875697767878804e+34
2020-11-20 04:00:00.000,1.8376327339740297e+34
2020-11-20 05:00:00.000,2.4486037535889607e+34
2020-11-20 06:00:00.000,3.145641675801145e+34
2020-11-20 07:00:00.000,2.1088700049840135e+34
2020-11-20 08:00:00.000,2.684158548103109e+34
2020-11-20 09:00:00.000,8.179229662933075e+33
2020-11-20 10:00:00.000,2.986783418742577e+34
2020-11-20 11:00:00.000,1.1340181351821948e+34
2020-11-20 12:00:00.000,2.0636649117187284e+34
2020-11-20 13:00:00.000,2.0569412063914902e+34
2020-11-20 14:00:00.000,3.2479324045264672e+34
2020-11-20 15:00:00.000,3.8648843944887997e+34
2020-11-20 16:00:00.000,3.7584600861324256e+34
2020-11-20 17:00:00.000,3.336706829567368e+33
2020-11-20 18:00:00.000,-1.252955668681177e+33
2020-11-20 19:00:00.000,2.93281892980508e+33
2020-11-20 20:00:00.000,1.38172491244597e+34
2020-11-20 21:00:00.000,2.639003061255303e+34
2020-11-20 22:00:00.000,2.2920285213282694e+34
2020-11-20 23:00:00.000,3.7582071183014876e+34
2020-11-21 00:00:00.000,4.246899010257522e+34
2020-11-21 01:00:00.000,3.73673800970784e+34
2020-11-21 02:00:00.000,3.5679705594921373e+34
2020-11-21 03:00:00.000,2.6526348887564985e+34
2020-11-21 04:00:00.000,3.307795261409857e+34
2020-11-21 05:00:00.000,2.769003824120954e+34
2020-11-21 06:00:00.000,2.1854371000537274e+34
2020-11-21 07:00:00.000,1.254855866794624e+34
2020-11-21 08:00:00.000,5.589658388715012e+33
2020-11-21 09:00:00.000,-7.481031460344802e+33
2020-11-21 10:00:00.000,-5.85298584182887e+33
2020-11-21 11:00:00.000,2.0623696125007269e+34
2020-11-21 12:00:00.000,-5.475854383000155e+33
2020-11-21 13:00:00.000,-9.010948757544035e+32
2020-11-21 14:00:00.000,1.8576877670100705e+34
2020-11-21 15:00:00.000,-1.057347915971108e+34
2020-11-21 16:00:00.000,-8.974234205163508e+33
2020-11-21 17:00:00.000,-3.847490221052974e+34
2020-11-21 18:00:00.000,-1.6455075759802846e+35
2020-11-21 19:00:00.000,-1.6755483490191645e+35
2020-11-21 20:00:00.000,-1.745695541635158e+35
2020-11-21 21:00:00.000,-1.6636625676193562e+35
2020-11-21 22:00:00.000,-1.478913010833464e+35
2020-11-21 23:00:00.000,-3.565964007110309e+34
2020-11-22 00:00:00.000,2.5521572294282734e+34
2020-11-22 01:00:00.000,1.922490681443481e+34
2020-11-22 02:00:00.000,-7.105316817617385e+33
2020-11-22 03:00:00.000,-8.935081342740267e+34
2020-11-22 04:00:00.000,-1.2524941294460537e+34
2020-11-22 05:00:00.000,1.1620823677729764e+34
2020-11-22 06:00:00.000,-7.231164917240359e+33
2020-11-22 07:00:00.000,-1.7980766975862965e+34
2020-11-22 08:00:00.000,1.4441688304230123e+33
2020-11-22 09:00:00.000,-9.245691758385424e+33
2020-11-22 10:00:00.000,-1.7152331449272606e+34
2020-11-22 11:00:00.000,-2.0708492477220987e+34
2020-11-22 12:00:00.000,-2.3854631937328595e+34
2020-11-22 13:00:00.000,-2.799491368329842e+34
2020-11-22 14:00:00.000,-3.1933648622640014e+34
2020-11-22 15:00:00.000,-3.536972491376946e+34
2020-11-22 16:00:00.000,-3.078623983696947e+34
2020-11-22 17:00:00.000,-4.20728162235121e+34
2020-11-22 18:00:00.000,-3.8088124629086213e+34
2020-11-22 19:00:00.000,-4.732747467390853e+34
2020-11-22 20:00:00.000,-5.075354946610519e+34
2020-11-22 21:00:00.000,-5.845938842570637e+34
2020-11-22 22:00:00.000,-5.829284222531442e+34
2020-11-22 23:00:00.000,-4.61840538692781e+34
2020-11-23 00:00:00.000,-1.3294638983046747e+34
2020-11-23 01:00:00.000,4.309644814353196e+34
2020-11-23 02:00:00.000,6.152028989026252e+34
2020-11-23 03:00:00.000,7.130140651208226e+34
2020-11-23 04:00:00.000,7.541653172245678e+34
2020-11-23 05:00:00.000,6.1328525581378755e+34
2020-11-23 06:00:00.000,5.311498769755982e+34
2020-11-23 07:00:00.000,9.463336425872547e+34
2020-11-23 08:00:00.000,6.383180161725817e+34
2020-11-23 09:00:00.000,3.3182221750927653e+34
2020-11-23 10:00:00.000,5.407259796626933e+34
2020-11-23 11:00:00.000,6.994048387765029e+34
2020-11-23 12:00:00.000,1.071706141815266e+35
2020-11-23 13:00:00.000,1.0132448341973544e+35
2020-11-23 14:00:00.000,9.553402942939322e+34
2020-11-23 15:00:00.000,8.958891089785851e+34
2020-11-23 16:00:00.000,8.016121336434505e+34
2020-11-23 17:00:00.000,9.241835193670687e+34
2020-11-23 18:00:00.000,1.1757878527416912e+35
2020-11-23 19:00:00.000,1.2138598863496334e+35
2020-11-23 20:00:00.000,1.1219732105084241e+35
2020-11-23 21:00:00.000,9.408075220631675e+34
2020-11-23 22:00:00.000,1.1595343979050558e+35
2020-11-23 23:00:00.000,1.1275090478222379e+35
2020-11-24 00:00:00.000,1.007877703446471e+35
2020-11-24 01:00:00.000,1.1728364875357172e+35
2020-11-24 02:00:00.000,1.2012733965106032e+35
2020-11-24 03:00:00.000,1.0150761222354032e+35
2020-11-24 04:00:00.000,7.690301416920626e+34
2020-11-24 05:00:00.000,7.942608113967014e+34
2020-11-24 06:00:00.000,8.586270658685616e+34
2020-11-24 07:00:00.000,9.596227507072492e+34
2020-11-24 08:00:00.000,1.1286648725652937e+35
2020-11-24 09:00:00.000,1.3600251555999334e+35
2020-11-24 11:00:00.000,1.1612600198158185e+35
2020-11-24 12:00:00.000,1.2568398857791835e+35
2020-11-24 13:00:00.000,1.0711252166638714e+35
2020-11-24 14:00:00.000,1.2440173600533227e+35
2020-11-24 15:00:00.000,1.3136973442411873e+35
2020-11-24 16:00:00.000,1.2327329461512146e+35
2020-11-24 17:00:00.000,1.0195516723571647e+35
2020-11-24 18:00:00.000,7.773368599626656e+34
2020-11-24 19:00:00.000,1.0673220834579409e+35
2020-11-24 20:00:00.000,1.0558156947646875e+35
2020-11-24 21:00:00.000,1.0507008666165455e+35
2020-11-24 22:00:00.000,9.94930122949927e+34
2020-11-24 23:00:00.000,1.053432553939973e+35
2020-11-25 00:00:00.000,1.0479473412899093e+35
2020-11-25 01:00:00.000,9.846457626400738e+34
2020-11-25 02:00:00.000,1.1641119252038563e+35
2020-11-25 03:00:00.000,1.0783365319316188e+35
2020-11-25 04:00:00.000,1.1323400886604775e+35
2020-11-25 05:00:00.000,1.1634927878829292e+35
2020-11-25 06:00:00.000,1.1580791102459443e+35
2020-11-25 07:00:00.000,1.2001010392786692e+35
2020-11-25 08:00:00.000,1.3279428556800444e+35
2020-11-25 09:00:00.000,1.372253779143039e+35
2020-11-25 10:00:00.000,1.3630731365002854e+35
2020-11-25 11:00:00.000,1.3114894165033085e+35
2020-11-25 12:00:00.000,1.2446720378494315e+35
2020-11-25 13:00:00.000,1.042213548440619e+35
2020-11-25 14:00:00.000,1.0485090268192647e+35
2020-11-25 15:00:00.000,1.419503451856023e+35
2020-11-25 16:00:00.000,1.2591345116077069e+35
2020-11-25 17:00:00.000,1.3798592291296094e+35
2020-11-25 18:00:00.000,1.720648187389101e+35
2020-11-25 19:00:00.000,1.7398859995149945e+35
2020-11-25 20:00:00.000,1.8118781952586063e+35
2020-11-25 21:00:00.000,1.756849946946931e+35
2020-11-25 22:00:00.000,1.9029856375593028e+35
2020-11-25 23:00:00.000,1.895005169533883e+35
2020-11-26 00:00:00.000,2.060430499873899e+35
2020-11-26 01:00:00.000,1.9934647994695786e+35
2020-11-26 02:00:00.000,1.665664750939211e+35
2020-11-26 03:00:00.000,1.5941930025213012e+35
2020-11-26 04:00:00.000,1.687538677898179e+35
2020-11-26 05:00:00.000,1.3360612602982953e+35
2020-11-26 06:00:00.000,1.2368096221414855e+35
2020-11-26 07:00:00.000,1.2644353794406225e+35
2020-11-26 08:00:00.000,1.656566047577692e+35
2020-11-26 09:00:00.000,1.7660951041125693e+35
2020-11-26 10:00:00.000,2.0744534298237466e+35
2020-11-26 11:00:00.000,2.0125496180736733e+35
2020-11-26 12:00:00.000,2.0333382818804584e+35
2020-11-26 13:00:00.000,1.873527966310998e+35
2020-11-26 14:00:00.000,1.85616212596547e+35
2020-11-26 15:00:00.000,1.889290244920795e+35
2020-11-26 16:00:00.000,1.922075940338901e+35
2020-11-26 17:00:00.000,1.830840908116785e+35
2020-11-26 18:00:00.000,2.0458554712860753e+35
2020-11-26 19:00:00.000,2.045615032592185e+35
2020-11-26 20:00:00.000,2.064762524004642e+35
2020-11-26 21:00:00.000,1.951890653261866e+35
2020-11-26 22:00:00.000,2.0292314540768457e+35
2020-11-26 23:00:00.000,1.8829055478682537e+35
2020-11-27 00:00:00.000,1.9644068302017663e+35
2020-11-27 01:00:00.000,2.0415212388224144e+35
2020-11-27 02:00:00.000,2.0579666128541968e+35
2020-11-27 03:00:00.000,2.0248248857880216e+35
2020-11-27 04:00:00.000,1.947198516343883e+35
2020-11-27 05:00:00.000,1.7699113698360672e+35
2020-11-27 06:00:00.000,1.8612029883323717e+35
2020-11-27 07:00:00.000,1.903356865014385e+35
2020-11-27 08:00:00.000,1.632508784185053e+35
2020-11-27 09:00:00.000,1.5567343891217987e+35
2020-11-27 10:00:00.000,1.6930142396561652e+35
2020-11-27 11:00:00.000,1.573177308700839e+35
2020-11-27 12:00:00.000,1.6436242744525093e+35
2020-11-27 13:00:00.000,1.5283184679495685e+35
2020-11-27 14:00:00.000,1.3664190188294756e+35
2020-11-27 15:00:00.000,1.3683154724168916e+35
2020-11-27 16:00:00.000,1.442050835953759e+35
2020-11-27 17:00:00.000,1.2307802999362103e+35
2020-11-27 18:00:00.000,1.3473335951769213e+35
2020-11-27 19:00:00.000,1.2359514753080757e+35
2020-11-27 20:00:00.000,1.4211695552857357e+35
2020-11-27 21:00:00.000,2.0016812803676594e+35
2020-11-27 22:00:00.000,1.4827929317559182e+35
2020-11-27 23:00:00.000,1.392201925777183e+35
2020-11-28 00:00:00.000,1.440882449271177e+35
2020-11-28 01:00:00.000,1.3403137623270725e+35
2020-11-28 02:00:00.000,1.2065839972027738e+35
2020-11-28 03:00:00.000,1.3177045358719055e+35
2020-11-28 04:00:00.000,1.1459992478921508e+35
2020-11-28 05:00:00.000,1.3132589193501794e+35
2020-11-28 06:00:00.000,1.5717339937675736e+35
2020-11-28 07:00:00.000,1.9289548312839195e+35
2020-11-28 08:00:00.000,1.873361827349159e+35
2020-11-28 09:00:00.000,1.8039888108003254e+35
2020-11-28 10:00:00.000,1.9201592320463337e+35
2020-11-28 11:00:00.000,1.8897509022943067e+35
2020-11-28 12:00:00.000,2.0724867551536055e+35
2020-11-28 13:00:00.000,1.867784085050498e+35
2020-11-28 14:00:00.000,2.0783276023989898e+35
2020-11-28 15:00:00.000,2.134653889592227e+35
2020-11-28 16:00:00.000,2.2893264929830215e+35
2020-11-28 17:00:00.000,2.3295073858236892e+35
2020-11-28 18:00:00.000,2.3190932270619148e+35
2020-11-28 19:00:00.000,2.2062167751245434e+35
2020-11-28 20:00:00.000,2.0410702725601005e+35
2020-11-28 21:00:00.000,1.906886872899382e+35
2020-11-28 22:00:00.000,2.2286913227790218e+35
2020-11-28 23:00:00.000,2.180687616245145e+35
2020-11-29 00:00:00.000,2.2063867630424004e+35
2020-11-29 01:00:00.000,2.277405626076284e+35
2020-11-29 02:00:00.000,2.4490272427499937e+35
2020-11-29 03:00:00.000,2.189211865437535e+35
2020-11-29 04:00:00.000,2.2096551408012514e+35
2020-11-29 05:00:00.000,2.3440199253510678e+35
2020-11-29 06:00:00.000,1.9313335250550782e+35
2020-11-29 07:00:00.000,1.9903284524532182e+35
2020-11-29 08:00:00.000,2.0730995383147122e+35
2020-11-29 09:00:00.000,1.9431226578373264e+35
2020-11-29 10:00:00.000,1.9500777459800918e+35
2020-11-29 11:00:00.000,1.818957417971108e+35
2020-11-29 12:00:00.000,1.832708648634752e+35
2020-11-29 13:00:00.000,1.8379477731039773e+35
2020-11-29 14:00:00.000,1.80738137174943e+35
2020-11-29 15:00:00.000,1.829079009834035e+35
2020-11-29 16:00:00.000,2.0430128556058176e+35
2020-11-29 17:00:00.000,2.056251940725317e+35
2020-11-29 18:00:00.000,2.0520675532507457e+35
2020-11-29 19:00:00.000,2.0215633610123264e+35
2020-11-29 20:00:00.000,2.0014235348343272e+35
2020-11-29 21:00:00.000,2.0291148885202164e+35
2020-11-29 22:00:00.000,2.1883321227737867e+35
2020-11-29 23:00:00.000,2.2460333556376443e+35
2020-11-30 00:00:00.000,1.977972490725418e+35
2020-11-30 01:00:00.000,1.931661380146973e+35
2020-11-30 02:00:00.000,1.7083127859629473e+35
2020-11-30 03:00:00.000,1.8033894474299563e+35
2020-11-30 04:00:00.000,1.9579815347369063e+35
2020-11-30 05:00:00.000,2.1752987859275807e+35
2020-11-30 06:00:00.000,2.3619713618337563e+35
2020-11-30 07:00:00.000,2.3731426114148415e+35
2020-11-30 08:00:00.000,2.213784421911836e+35
2020-11-30 09:00:00.000,1.742493348605368e+35
2020-11-30 10:00:00.000,1.791433193307365e+35
2020-11-30 11:00:00.000,1.9115976530485302e+35
2020-11-30 12:00:00.000,1.8448656482000458e+35
2020-11-30 13:00:00.000,2.0654153957878148e+35
2020-11-30 14:00:00.000,1.8277922052554726e+35
2020-11-30 15:00:00.000,2.1127811019010563e+35
2020-11-30 16:00:00.000,2.028954389839946e+35
2020-11-30 17:00:00.000,1.8872419154592976e+35
2020-11-30 18:00:00.000,1.966889620311262e+35
2020-11-30 19:00:00.000,1.6377773974238486e+35
2020-11-30 20:00:00.000,1.5478855709965107e+35
2020-11-30 21:00:00.000,1.5886455106648961e+35
2020-11-30 22:00:00.000,1.4540226647630054e+35
2020-11-30 23:00:00.000,1.8532300920187736e+35
2020-12-01 00:00:00.000,1.7566651723288863e+35
2020-12-01 01:00:00.000,1.7227009566502453e+35
2020-12-01 02:00:00.000,1.7885105450152474e+35
2020-12-01 03:00:00.000,1.637874668807904e+35
2020-12-01 04:00:00.000,1.2520265140610277e+35
2020-12-01 05:00:00.000,5.823250742113985e+34
2020-12-01 06:00:00.000,5.66845731196417e+34
2020-12-01 07:00:00.000,1.0947625097566146e+35
2020-12-01 08:00:00.000,1.1496679041476046e+35
2020-12-01 09:00:00.000,1.1494972817435193e+35
2020-12-01 10:00:00.000,1.1190273046748334e+35
2020-12-01 11:00:00.000,1.0929676371704322e+35
2020-12-01 12:00:00.000,1.2930266879145645e+35
2020-12-01 13:00:00.000,1.1812378122601302e+35
2020-12-01 14:00:00.000,1.2415260866928232e+35
2020-12-01 15:00:00.000,1.036754443332147e+35
2020-12-01 16:00:00.000,1.15585456789152e+35
2020-12-01 17:00:00.000,1.255947343790527e+35
2020-12-01 18:00:00.000,1.330289507882185e+35
2020-12-01 19:00:00.000,1.2308632542607e+35
2020-12-01 20:00:00.000,1.3492963625627109e+35
2020-12-01 21:00:00.000,1.4343065739462852e+35
2020-12-01 22:00:00.000,1.408690706752012e+35
2020-12-01 23:00:00.000,1.1860198913336422e+35
2020-12-02 00:00:00.000,1.2980291269682226e+35
2020-12-02 01:00:00.000,1.2447839544343616e+35
2020-12-02 02:00:00.000,1.438819627859892e+35
2020-12-02 03:00:00.000,1.2948292323876092e+35
2020-12-02 04:00:00.000,9.892409167306401e+34
2020-12-02 05:00:00.000,1.4770582081235898e+35
2020-12-02 06:00:00.000,1.2598536623507265e+35
2020-12-02 07:00:00.000,9.480274740538e+34
2020-12-02 08:00:00.000,1.1472679041894806e+35
2020-12-02 09:00:00.000,1.2337386185565694e+35
2020-12-02 10:00:00.000,1.4285469020858052e+35
2020-12-02 11:00:00.000,1.372403804780757e+35
2020-12-02 12:00:00.000,1.7170429655623955e+35
2020-12-02 13:00:00.000,1.714863238765032e+35
2020-12-02 14:00:00.000,1.6071699065790367e+35
2020-12-02 15:00:00.000,1.2406860264067782e+35
2020-12-02 16:00:00.000,1.2280658328342008e+35
2020-12-02 17:00:00.000,1.256612788936583e+35
2020-12-02 18:00:00.000,1.272033735482879e+35
2020-12-02 19:00:00.000,1.1415556746419948e+35
2020-12-02 20:00:00.000,8.929925480112543e+34
2020-12-02 21:00:00.000,8.640660525293448e+34
2020-12-02 22:00:00.000,9.609452027766888e+34
2020-12-02 23:00:00.000,9.127622164419352e+34
2020-12-03 00:00:00.000,8.550297344024632e+34
2020-12-03 01:00:00.000,8.770677651792468e+34
2020-12-03 02:00:00.000,9.503539993321236e+34
2020-12-03 03:00:00.000,1.1178213627450523e+35
2020-12-03 04:00:00.000,1.0189867211248057e+35
2020-12-03 05:00:00.000,8.57625030374203e+34
2020-12-03 06:00:00.000,9.54126236474985e+34
2020-12-03 07:00:00.000,8.698207085220314e+34
2020-12-03 08:00:00.000,7.889863513621277e+34
2020-12-03 09:00:00.000,8.603210833718137e+34
2020-12-03 10:00:00.000,7.76435795842062e+34
2020-12-03 11:00:00.000,8.48988267012525e+34
2020-12-03 12:00:00.000,7.641159294287818e+34
2020-12-03 13:00:00.000,9.02770650411412e+34
2020-12-03 14:00:00.000,9.054780803555173e+34
2020-12-03 15:00:00.000,5.711451373567616e+34
2020-12-03 16:00:00.000,6.227475368217467e+34
2020-12-03 17:00:00.000,5.443703750511684e+34
2020-12-03 18:00:00.000,5.148361297076169e+34
2020-12-03 19:00:00.000,5.742636832134282e+34
2020-12-03 20:00:00.000,7.06798831841875e+34
2020-12-03 21:00:00.000,7.438893322400229e+34
2020-12-03 22:00:00.000,7.061175821798512e+34
2020-12-03 23:00:00.000,7.2614447975172e+34
2020-12-04 00:00:00.000,8.783927192412793e+34
2020-12-04 01:00:00.000,9.389707003474086e+34
2020-12-04 02:00:00.000,9.175404985372418e+34
2020-12-04 03:00:00.000,7.741453464725199e+34
2020-12-04 04:00:00.000,7.31123030124937e+34
2020-12-04 05:00:00.000,6.155947409158266e+34
2020-12-04 06:00:00.000,7.091364845028943e+34
2020-12-04 07:00:00.000,7.843935040726208e+34
2020-12-04 08:00:00.000,5.652864779524892e+34
2020-12-04 09:00:00.000,5.573896257690619e+34
2020-12-04 10:00:00.000,5.53516343064682e+34
2020-12-04 11:00:00.000,6.093693484105963e+34
2020-12-04 12:00:00.000,7.414220166018361e+34
2020-12-04 13:00:00.000,8.07109844966009e+34
2020-12-04 14:00:00.000,9.279231368621708e+34
2020-12-04 15:00:00.000,9.286587325291395e+34
2020-12-04 16:00:00.000,6.432247324653922e+34
2020-12-04 17:00:00.000,8.113703914398364e+34
2020-12-04 18:00:00.000,8.149927428038134e+34
2020-12-04 19:00:00.000,8.560386192840845e+34
2020-12-04 20:00:00.000,8.165191640665176e+34
2020-12-04 21:00:00.000,8.062638747203145e+34
2020-12-04 22:00:00.000,8.83255276879977e+34
2020-12-04 23:00:00.000,9.10609120887988e+34
2020-12-05 00:00:00.000,8.589202727063417e+34
2020-12-05 01:00:00.000,7.146797222945765e+34
2020-12-05 02:00:00.000,7.827204037202037e+34
2020-12-05 03:00:00.000,6.7192199190049925e+34
2020-12-05 04:00:00.000,7.230263224514148e+34
2020-12-05 05:00:00.000,6.948082596584641e+34
2020-12-05 06:00:00.000,7.095779290415891e+34
2020-12-05 07:00:00.000,8.247979791918455e+34
2020-12-05 08:00:00.000,7.809832240008436e+34
2020-12-05 09:00:00.000,3.7054818969582475e+34
2020-12-05 10:00:00.000,2.0691841301988998e+34
2020-12-05 11:00:00.000,1.271554098346594e+34
2020-12-05 12:00:00.000,9.089315197495599e+33
2020-12-05 13:00:00.000,2.043689712316809e+34
2020-12-05 14:00:00.000,4.806165110312988e+34
2020-12-05 15:00:00.000,3.635362901294471e+34
2020-12-05 16:00:00.000,4.940085063103377e+34
2020-12-05 17:00:00.000,5.332634616328932e+34
2020-12-05 18:00:00.000,4.9372777363360915e+34
2020-12-05 19:00:00.000,3.4645625437162134e+34
2020-12-05 20:00:00.000,3.8212823041990203e+34
2020-12-05 21:00:00.000,5.079438203501306e+34
2020-12-05 22:00:00.000,4.0314741526586625e+34
2020-12-05 23:00:00.000,3.3188942896019416e+34
2020-12-06 00:00:00.000,4.45486674723755e+34
2020-12-06 01:00:00.000,4.552042394130643e+34
2020-12-06 02:00:00.000,4.160222624462156e+34
2020-12-06 03:00:00.000,7.071207118161827e+34
2020-12-06 04:00:00.000,5.112463275790734e+34
2020-12-06 05:00:00.000,4.983381204595014e+34
2020-12-06 06:00:00.000,5.253697673647142e+34
2020-12-06 07:00:00.000,5.4951908859091535e+34
2020-12-06 08:00:00.000,6.298186731137589e+34
2020-12-06 09:00:00.000,4.285230762779838e+34
2020-12-06 10:00:00.000,3.3823988956673427e+34
2020-12-06 11:00:00.000,4.140486483609796e+34
2020-12-06 12:00:00.000,3.8636339745944694e+34
2020-12-06 13:00:00.000,4.767598429550342e+34
2020-12-06 14:00:00.000,3.565365142042257e+34
2020-12-06 15:00:00.000,2.6684416794231434e+34
2020-12-06 16:00:00.000,3.5445327259814654e+34
2020-12-06 17:00:00.000,5.701366856779115e+34
2020-12-06 18:00:00.000,5.927418096814899e+34
2020-12-06 19:00:00.000,7.381810256392309e+34
2020-12-06 20:00:00.000,6.2665870103664395e+34
2020-12-06 21:00:00.000,3.6758911427838705e+34
2020-12-06 22:00:00.000,-2.1323799311682915e+34
2020-12-06 23:00:00.000,-2.1992744151366804e+34
2020-12-07 00:00:00.000,-2.8844205945484797e+34
2020-12-07 01:00:00.000,-2.5875909402010247e+34
2020-12-07 02:00:00.000,-4.420334131563489e+34
2020-12-07 03:00:00.000,-3.7509094097008513e+34
2020-12-07 04:00:00.000,-3.798841470647013e+34
2020-12-07 05:00:00.000,-3.948921229151654e+34
2020-12-07 06:00:00.000,-7.616885898618325e+34
2020-12-07 07:00:00.000,-8.382531977495935e+34
2020-12-07 08:00:00.000,-7.933546622040543e+34
2020-12-07 09:00:00.000,-8.02460447897777e+34
2020-12-07 10:00:00.000,-1.001185299007759e+35
2020-12-07 11:00:00.000,-1.0007950782836756e+35
2020-12-07 12:00:00.000,-1.15204410454201e+35
2020-12-07 13:00:00.000,-1.1609751841031322e+35
2020-12-07 14:00:00.000,-1.0020316932996031e+35
2020-12-07 15:00:00.000,-1.1037574741234878e+35
2020-12-07 16:00:00.000,-1.1135059271918676e+35
2020-12-07 17:00:00.000,-9.408367059743249e+34
2020-12-07 18:00:00.000,-9.070288941703731e+34
2020-12-07 19:00:00.000,-7.654865132156383e+34
2020-12-07 20:00:00.000,-9.502769492724399e+34
2020-12-07 21:00:00.000,-1.0152090958069332e+35
2020-12-07 22:00:00.000,-1.0021433891159544e+35
2020-12-07 23:00:00.000,-9.583291860318824e+34
2020-12-08 00:00:00.000,-8.962844415111217e+34
2020-12-08 01:00:00.000,-1.0248075118067764e+35
2020-12-08 02:00:00.000,-9.708895522909364e+34
2020-12-08 03:00:00.000,-9.069922017835412e+34
2020-12-08 04:00:00.000,-8.981089799495492e+34
2020-12-08 05:00:00.000,-1.206985058786271e+35
2020-12-08 06:00:00.000,-9.54890588823732e+34
2020-12-08 07:00:00.000,-6.545392490036759e+34
2020-12-08 08:00:00.000,-7.31111677597044e+34
2020-12-08 09:00:00.000,-7.5127089693035465e+34
2020-12-08 10:00:00.000,-6.892062590752029e+34
2020-12-08 11:00:00.000,-8.86948506648241e+34
2020-12-08 12:00:00.000,-1.016203037434929e+35
2020-12-08 13:00:00.000,-9.265834014768372e+34
2020-12-08 14:00:00.000,-9.53023595024676e+34
2020-12-08 15:00:00.000,-8.337185058026853e+34
2020-12-08 16:00:00.000,-1.0825575056004584e+35
2020-12-08 17:00:00.000,-1.0887266763359754e+35
2020-12-08 18:00:00.000,-1.3498778686117691e+35
2020-12-08 19:00:00.000,-1.2633860772585986e+35
2020-12-08 20:00:00.000,-1.1990529865275246e+35
2020-12-08 21:00:00.000,-1.3721004587452185e+35
2020-12-08 22:00:00.000,-1.1977467590732956e+35
2020-12-08 23:00:00.000,-1.2238710704784535e+35
2020-12-09 00:00:00.000,-1.1870890367362804e+35
2020-12-09 01:00:00.000,-1.140895133956755e+35
2020-12-09 02:00:00.000,-1.1698312259871888e+35
2020-12-09 03:00:00.000,-1.4036088214250795e+35
2020-12-09 04:00:00.000,-1.3589093325809071e+35
2020-12-09 05:00:00.000,-1.3243631129219275e+35
2020-12-09 06:00:00.000,-1.3675283872753737e+35
2020-12-09 07:00:00.000,-1.1407402216398902e+35
2020-12-09 08:00:00.000,-1.1307966312106842e+35
2020-12-09 09:00:00.000,-1.2810224473978054e+35
2020-12-09 10:00:00.000,-1.3591044375038451e+35
2020-12-09 11:00:00.000,-1.4757011320630586e+35
2020-12-09 12:00:00.000,-1.431691855188651e+35
2020-12-09 13:00:00.000,-1.5698986256382944e+35
2020-12-09 14:00:00.000,-1.5670403704527695e+35
2020-12-09 15:00:00.000,-1.5039762453397203e+35
2020-12-09 16:00:00.000,-1.4157384832085844e+35
2020-12-09 17:00:00.000,-1.5439060976319309e+35
2020-12-09 18:00:00.000,-1.4488832034904405e+35
2020-12-09 19:00:00.000,-1.5050664853100703e+35
2020-12-09 20:00:00.000,-1.42781630445351e+35
2020-12-09 21:00:00.000,-1.4895856613745367e+35
2020-12-09 22:00:00.000,-1.5640842794543302e+35
2020-12-09 23:00:00.000,-1.666932680574559e+35
2020-12-10 00:00:00.000,-1.5380061777818242e+35
2020-12-10 01:00:00.000,-1.6120756912414513e+35
2020-12-10 02:00:00.000,-1.4569527006599856e+35
2020-12-10 03:00:00.000,-1.5950749671070255e+35
2020-12-10 04:00:00.000,-1.5088782800912368e+35
2020-12-10 05:00:00.000,-1.4503328972651637e+35
2020-12-10 06:00:00.000,-1.4843087250390507e+35
2020-12-10 07:00:00.000,-1.4401983235997514e+35
2020-12-10 08:00:00.000,-1.446546119726371e+35
2020-12-10 09:00:00.000,-1.6152807804537898e+35
2020-12-10 10:00:00.000,-1.4840866373738544e+35
2020-12-10 11:00:00.000,-1.4883247479584977e+35
2020-12-10 12:00:00.000,-1.4335289496178867e+35
2020-12-10 13:00:00.000,-1.517389456730598e+35
2020-12-10 14:00:00.000,-1.5686624163760287e+35
2020-12-10 15:00:00.000,-1.487976576859515e+35
2020-12-10 16:00:00.000,-1.354322804273864e+35
2020-12-10 17:00:00.000,-1.3041916452307771e+35
